generation,best_fitness,avg_fitness,species_count
1,29.9,17.099999999999998,1
2,60.60000000000008,47.60000000000007,1
3,64.9,49.750000000000036,1
4,216.3999999999985,123.14999999999925,1
