generation,best_fitness,avg_fitness,species_count
1,367.90000000000293,132.67500000000052,2
2,852.7000000000222,472.97500000001094,2
