generation,best_fitness,avg_fitness,species_count
1,20.90000000000005,10.169230769230786,3
2,134.19999999999803,19.57333333333322,9
3,134.19999999999803,12.573333333333279,14
